customer_id,join_date,segment,region
C001,2025-08-03,SMB,South
C002,2025-06-12,Mid-market,North
C003,2025-05-13,Enterprise,Central
C004,2026-03-16,Mid-market,Central
C005,2026-05-04,Mid-market,North
C006,2025-02-08,Enterprise,North
C007,2026-01-18,SMB,Central
C008,2026-06-28,SMB,North
C009,2025-01-05,Enterprise,South
C010,2025-09-12,SMB,South
C011,2025-12-19,Mid-market,North
C012,2025-04-16,Mid-market,South
C013,2025-11-10,SMB,North
C014,2025-02-16,Mid-market,Central
C015,2026-04-12,Enterprise,South
C016,2026-06-21,Mid-market,Central
C017,2025-05-18,Mid-market,Central
C018,2026-01-03,SMB,North
C019,2026-02-18,SMB,North
C020,2025-08-18,Enterprise,North
C021,2025-08-05,Enterprise,North
C022,2026-06-01,SMB,North
C023,2026-01-11,Enterprise,South
C024,2025-02-08,Mid-market,South
C025,2025-09-19,Enterprise,South
C026,2025-02-19,Enterprise,North
C027,2025-04-21,Enterprise,North
C028,2025-02-19,Enterprise,North
C029,2026-03-03,Mid-market,Central
C030,2025-05-07,Enterprise,Central
C031,2026-05-01,Enterprise,North
C032,2025-07-30,Enterprise,South
C033,2025-01-10,Mid-market,Central
C034,2025-04-14,Enterprise,South
C035,2025-10-04,Enterprise,South
C036,2025-05-21,Mid-market,North
C037,2026-06-08,Enterprise,South
C038,2025-05-01,Mid-market,North
C039,2025-04-19,Mid-market,North
C040,2025-07-24,Mid-market,South
C041,2025-07-26,Mid-market,South
C042,2026-02-24,Mid-market,North
C043,2025-02-10,Enterprise,Central
C044,2025-08-01,Enterprise,Central
C045,2025-12-05,SMB,North
C046,2025-01-14,Enterprise,North
C047,2025-04-24,Enterprise,South
C048,2026-05-21,SMB,North
C049,2026-06-08,SMB,South
C050,2025-04-14,Mid-market,South
C051,2025-08-25,Mid-market,Central
C052,2025-09-28,Mid-market,North
C053,2025-04-13,SMB,North
C054,2025-10-25,Mid-market,South
C055,2025-11-17,Mid-market,South
C056,2025-04-29,SMB,North
C057,2025-01-10,SMB,South
C058,2025-06-24,Mid-market,Central
C059,2026-03-25,Enterprise,Central
C060,2025-04-06,Mid-market,Central
C061,2025-07-07,SMB,Central
C062,2026-02-14,Mid-market,Central
C063,2026-01-30,Enterprise,Central
C064,2026-03-08,Enterprise,North
C065,2025-04-26,SMB,South
C066,2025-03-02,SMB,North
C067,2026-03-03,Enterprise,Central
C068,2026-08-06,Enterprise,Central
C069,2025-07-05,Enterprise,Central
C070,2026-01-03,Enterprise,North
C071,2025-05-14,Mid-market,Central
C072,2025-04-26,Mid-market,Central
C073,2025-02-17,SMB,Central
C074,2025-11-18,SMB,South
C075,2026-06-22,Enterprise,South
C076,2026-08-02,SMB,South
C077,2025-12-13,Enterprise,South
C078,2025-04-08,Mid-market,South
C079,2025-09-12,Mid-market,Central
C080,2026-01-30,SMB,South
