order_id,date,customer_id,region,product_id,salesperson_id,quantity,unit_price,unit_cost,revenue
O0001,2026-06-18,C019,North,P02,S05,10,225.16,180,2251.6
O0002,2026-05-09,C004,North,P02,S01,2,261.36,180,522.72
O0003,2026-07-03,C023,Central,P02,S01,10,242.81,180,2428.1
O0004,2026-03-06,C009,Central,P04,S04,9,462.5,410,4162.5
O0005,2026-07-05,C065,North,P05,S05,10,138.6,85,1386.0
O0006,2026-01-23,C004,North,P05,S04,5,150.12,85,750.6
O0007,2026-07-25,C057,North,P04,S01,11,461.88,410,5080.68
O0008,2026-06-14,C036,South,P05,S05,3,137.17,85,411.51
O0009,2026-06-16,C059,South,P04,S05,10,508.36,410,5083.6
O0010,2026-08-09,C071,South,P01,S02,12,111.02,70,1332.24
O0011,2026-08-09,C059,Central,P04,S04,4,495.52,410,1982.08
O0012,2026-02-18,C033,Central,P03,S02,7,77.5,45,542.5
O0013,2026-08-31,C012,Central,P01,S01,2,129.96,70,259.92
O0014,2026-07-10,C072,South,P02,S03,9,228.3,180,2054.7
O0015,2026-03-04,C055,South,P04,S01,6,546.1,410,3276.6
O0016,2026-05-28,C074,South,P05,S02,5,146.6,85,733.0
O0017,2026-03-21,C045,South,P04,S03,4,543.2,410,2172.8
O0018,2026-02-28,C055,South,P03,S05,10,75.98,45,759.8
O0019,2026-01-14,C035,North,P05,S02,11,162.37,85,1786.07
O0020,2026-05-20,C024,North,P03,S05,6,78.18,45,469.08
O0021,2026-07-25,C004,North,P01,S05,3,127.56,70,382.68
O0022,2026-04-21,C021,Central,P04,S03,7,499.9,410,3499.3
O0023,2026-06-16,C007,North,P05,S02,10,137.8,85,1378.0
O0024,2026-01-26,C055,Central,P01,S05,5,119.7,70,598.5
O0025,2026-08-15,C066,North,P04,S03,5,473.71,410,2368.55
O0026,2026-08-09,C076,Central,P01,S05,5,125.9,70,629.5
O0027,2026-06-07,C077,North,P01,S01,4,118.43,70,473.72
O0028,2026-04-15,C033,Central,P03,S03,4,85.51,45,342.04
O0029,2026-03-03,C023,North,P01,S04,8,127.72,70,1021.76
O0030,2026-04-28,C046,North,P05,S04,9,162.5,85,1462.5
O0031,2026-01-22,C010,Central,P04,S05,1,500.57,410,500.57
O0032,2026-08-08,C054,Central,P05,S01,7,158.41,85,1108.87
O0033,2026-07-27,C080,Central,P01,S03,6,112.54,70,675.24
O0034,2026-02-15,C076,Central,P04,S05,2,476.76,410,953.52
O0035,2026-02-10,C029,Central,P04,S02,5,532.04,410,2660.2
O0036,2026-02-09,C066,North,P05,S03,11,138.76,85,1526.36
O0037,2026-06-29,C033,North,P02,S02,4,230.65,180,922.6
O0038,2026-03-20,C064,Central,P01,S05,3,133.11,70,399.33
O0039,2026-08-18,C080,Central,P05,S03,11,155.96,85,1715.56
O0040,2026-03-19,C039,Central,P04,S05,2,501.58,410,1003.16
O0041,2026-01-29,C060,Central,P03,S01,9,73.31,45,659.79
O0042,2026-01-30,C012,South,P03,S05,5,73.35,45,366.75
O0043,2026-09-17,C006,Central,P04,S05,8,513.84,410,4110.72
O0044,2026-04-07,C020,North,P03,S04,10,80.37,45,803.7
O0045,2026-02-22,C023,North,P03,S02,12,73.48,45,881.76
O0046,2026-08-13,C021,Central,P04,S03,9,507.5,410,4567.5
O0047,2026-05-25,C077,North,P04,S03,7,535.19,410,3746.33
O0048,2026-02-03,C050,Central,P03,S03,2,81.82,45,163.64
O0049,2026-03-18,C019,Central,P03,S03,2,82.26,45,164.52
O0050,2026-07-20,C011,Central,P02,S05,10,263.99,180,2639.9
O0051,2026-07-12,C068,North,P03,S04,3,83.79,45,251.37
O0052,2026-09-18,C024,North,P03,S03,1,78.38,45,78.38
O0053,2026-09-06,C020,North,P02,S03,4,280.0,180,1120.0
O0054,2026-02-21,C068,North,P05,S03,9,162.56,85,1463.04
O0055,2026-03-09,C024,South,P05,S05,7,140.09,85,980.63
O0056,2026-03-26,C031,Central,P04,S05,1,495.19,410,495.19
O0057,2026-05-26,C040,Central,P04,S02,4,508.74,410,2034.96
O0058,2026-07-08,C037,Central,P05,S05,8,150.24,85,1201.92
O0059,2026-08-03,C018,Central,P02,S01,4,269.07,180,1076.28
O0060,2026-09-04,C067,North,P03,S03,9,88.44,45,795.96
O0061,2026-02-12,C066,North,P02,S04,5,249.71,180,1248.55
O0062,2026-02-16,C004,Central,P02,S01,8,273.65,180,2189.2
O0063,2026-07-22,C011,Central,P05,S02,6,142.78,85,856.68
O0064,2026-01-15,C043,North,P03,S02,2,86.77,45,173.54
O0065,2026-01-20,C018,South,P03,S04,8,84.25,45,674.0
O0066,2026-08-18,C003,Central,P05,S02,1,164.89,85,164.89
O0067,2026-03-18,C055,North,P05,S03,12,155.09,85,1861.08
O0068,2026-05-02,C054,South,P03,S05,2,72.84,45,145.68
O0069,2026-08-23,C064,South,P01,S05,2,130.09,70,260.18
O0070,2026-01-09,C019,Central,P05,S04,10,142.98,85,1429.8
O0071,2026-01-01,C054,North,P05,S01,6,142.94,85,857.64
O0072,2026-09-26,C070,South,P03,S05,2,88.78,45,177.56
O0073,2026-01-11,C050,Central,P04,S03,8,454.79,410,3638.32
O0074,2026-01-09,C014,South,P03,S03,2,78.07,45,156.14
O0075,2026-03-10,C023,South,P01,S04,6,122.41,70,734.46
O0076,2026-09-03,C059,North,P02,S03,3,228.47,180,685.41
O0077,2026-04-14,C041,Central,P01,S05,4,131.38,70,525.52
O0078,2026-07-23,C025,Central,P05,S03,8,143.36,85,1146.88
O0079,2026-01-25,C048,Central,P03,S04,5,74.19,45,370.95
O0080,2026-08-14,C064,South,P04,S04,6,557.11,410,3342.66
O0081,2026-07-08,C055,North,P05,S04,5,161.44,85,807.2
O0082,2026-04-03,C011,Central,P05,S03,5,145.6,85,728.0
O0083,2026-06-06,C022,South,P04,S04,10,528.94,410,5289.4
O0084,2026-06-29,C046,South,P04,S04,1,529.95,410,529.95
O0085,2026-05-21,C052,Central,P01,S05,2,125.72,70,251.44
O0086,2026-03-23,C057,North,P01,S02,3,130.4,70,391.2
O0087,2026-02-04,C050,South,P02,S01,11,245.15,180,2696.65
O0088,2026-03-20,C010,South,P04,S02,6,490.92,410,2945.52
O0089,2026-07-07,C032,North,P04,S01,6,521.45,410,3128.7
O0090,2026-04-06,C072,North,P04,S03,9,492.57,410,4433.13
O0091,2026-05-14,C037,South,P04,S04,4,559.6,410,2238.4
O0092,2026-04-13,C058,North,P01,S04,3,130.51,70,391.53
O0093,2026-02-14,C009,South,P03,S05,11,78.11,45,859.21
O0094,2026-05-29,C023,Central,P03,S05,3,84.53,45,253.59
O0095,2026-04-25,C031,Central,P01,S01,4,128.91,70,515.64
O0096,2026-07-04,C071,North,P05,S05,10,147.17,85,1471.7
O0097,2026-02-14,C062,South,P01,S04,5,118.51,70,592.55
O0098,2026-07-29,C041,South,P05,S01,2,139.14,85,278.28
O0099,2026-08-19,C017,South,P04,S05,11,506.91,410,5576.01
O0100,2026-04-04,C008,North,P02,S05,7,252.66,180,1768.62
O0101,2026-03-20,C029,Central,P03,S05,3,74.85,45,224.55
O0102,2026-05-26,C071,Central,P01,S02,5,113.18,70,565.9
O0103,2026-06-05,C022,South,P05,S05,9,138.08,85,1242.72
O0104,2026-03-20,C078,Central,P02,S05,11,259.35,180,2852.85
O0105,2026-01-22,C074,Central,P01,S02,2,109.2,70,218.4
O0106,2026-08-02,C070,Central,P05,S03,11,136.0,85,1496.0
O0107,2026-09-05,C059,North,P02,S01,11,247.34,180,2720.74
O0108,2026-03-22,C027,Central,P04,S05,7,503.27,410,3522.89
O0109,2026-03-15,C045,Central,P03,S02,12,77.62,45,931.44
O0110,2026-07-09,C031,Central,P05,S01,9,138.5,85,1246.5
O0111,2026-05-17,C007,Central,P04,S04,4,465.5,410,1862.0
O0112,2026-08-03,C074,South,P02,S03,3,269.74,180,809.22
O0113,2026-04-08,C060,Central,P02,S03,8,279.78,180,2238.24
O0114,2026-09-12,C065,Central,P01,S02,2,132.95,70,265.9
O0115,2026-04-21,C037,Central,P05,S05,6,136.61,85,819.66
O0116,2026-08-29,C014,Central,P03,S02,9,72.14,45,649.26
O0117,2026-05-16,C052,North,P03,S05,7,78.44,45,549.08
O0118,2026-04-10,C050,South,P03,S04,9,77.08,45,693.72
O0119,2026-05-24,C017,North,P05,S04,11,155.16,85,1706.76
O0120,2026-07-11,C019,North,P03,S05,9,88.53,45,796.77
O0121,2026-09-18,C005,North,P04,S03,9,454.43,410,4089.87
O0122,2026-08-31,C066,North,P05,S03,8,139.92,85,1119.36
O0123,2026-06-13,C039,South,P02,S03,7,279.48,180,1956.36
O0124,2026-09-17,C073,Central,P05,S04,9,151.16,85,1360.44
O0125,2026-01-09,C054,South,P03,S03,6,83.86,45,503.16
O0126,2026-01-14,C075,South,P05,S02,8,143.76,85,1150.08
O0127,2026-01-27,C080,Central,P05,S02,8,140.63,85,1125.04
O0128,2026-05-05,C015,North,P01,S01,10,133.03,70,1330.3
O0129,2026-08-14,C027,Central,P03,S05,7,74.67,45,522.69
O0130,2026-08-30,C027,South,P01,S03,12,111.65,70,1339.8
O0131,2026-09-02,C023,Central,P05,S05,7,145.35,85,1017.45
O0132,2026-06-25,C034,South,P05,S04,6,157.3,85,943.8
O0133,2026-04-09,C029,Central,P02,S03,5,255.69,180,1278.45
O0134,2026-04-17,C072,South,P04,S03,6,502.78,410,3016.68
O0135,2026-05-28,C049,Central,P01,S03,10,125.86,70,1258.6
O0136,2026-03-16,C011,Central,P03,S04,1,77.06,45,77.06
O0137,2026-05-12,C069,Central,P04,S05,4,472.23,410,1888.92
O0138,2026-05-20,C076,North,P02,S02,2,258.86,180,517.72
O0139,2026-01-26,C007,North,P05,S04,4,156.05,85,624.2
O0140,2026-06-19,C018,North,P04,S05,2,524.93,410,1049.86
O0141,2026-03-22,C061,Central,P04,S02,11,552.85,410,6081.35
O0142,2026-05-28,C012,South,P03,S05,5,83.37,45,416.85
O0143,2026-04-29,C005,North,P05,S04,12,158.86,85,1906.32
O0144,2026-04-01,C024,South,P01,S03,7,128.8,70,901.6
O0145,2026-01-20,C014,Central,P01,S03,5,122.99,70,614.95
O0146,2026-08-21,C018,South,P05,S04,9,151.3,85,1361.7
O0147,2026-05-20,C059,South,P02,S03,2,243.19,180,486.38
O0148,2026-04-06,C038,South,P01,S02,12,116.9,70,1402.8
O0149,2026-03-31,C055,South,P05,S03,11,164.6,85,1810.6
O0150,2026-02-14,C018,Central,P04,S03,11,460.49,410,5065.39
O0151,2026-05-08,C058,Central,P01,S03,5,118.13,70,590.65
O0152,2026-06-04,C034,South,P05,S03,12,153.9,85,1846.8
O0153,2026-05-01,C040,North,P01,S04,11,111.12,70,1222.32
O0154,2026-09-15,C038,Central,P03,S05,12,74.07,45,888.84
O0155,2026-04-24,C059,South,P02,S05,3,251.3,180,753.9
O0156,2026-07-11,C061,South,P04,S02,12,510.42,410,6125.04
O0157,2026-05-07,C068,South,P05,S03,2,152.34,85,304.68
O0158,2026-02-09,C071,South,P05,S02,2,137.04,85,274.08
O0159,2026-03-18,C057,North,P02,S02,6,272.0,180,1632.0
O0160,2026-09-08,C008,Central,P01,S02,9,119.76,70,1077.84
O0161,2026-09-20,C072,Central,P04,S03,8,512.03,410,4096.24
O0162,2026-01-12,C028,South,P04,S01,5,539.81,410,2699.05
O0163,2026-01-24,C070,North,P04,S01,6,527.04,410,3162.24
O0164,2026-08-30,C018,South,P01,S04,5,118.79,70,593.95
O0165,2026-07-11,C049,Central,P04,S01,8,545.66,410,4365.28
O0166,2026-03-10,C069,Central,P03,S05,2,75.14,45,150.28
O0167,2026-03-07,C039,Central,P02,S05,1,266.59,180,266.59
O0168,2026-08-06,C032,Central,P05,S03,7,162.17,85,1135.19
O0169,2026-03-21,C015,North,P03,S04,4,88.5,45,354.0
O0170,2026-01-09,C077,North,P02,S04,4,228.7,180,914.8
O0171,2026-01-25,C057,North,P02,S05,12,227.43,180,2729.16
O0172,2026-04-22,C038,North,P01,S05,3,121.3,70,363.9
O0173,2026-06-13,C042,North,P05,S03,10,160.49,85,1604.9
O0174,2026-03-15,C036,North,P05,S05,4,148.65,85,594.6
O0175,2026-03-31,C045,South,P04,S04,9,504.52,410,4540.68
O0176,2026-09-26,C020,Central,P03,S04,12,79.33,45,951.96
O0177,2026-04-05,C029,Central,P05,S02,8,142.95,85,1143.6
O0178,2026-08-26,C054,South,P01,S05,9,118.89,70,1070.01
O0179,2026-03-10,C043,South,P04,S01,4,478.05,410,1912.2
O0180,2026-08-19,C025,North,P03,S03,2,81.43,45,162.86
O0181,2026-07-13,C010,North,P05,S05,10,136.31,85,1363.1
O0182,2026-04-22,C043,Central,P04,S01,4,545.64,410,2182.56
O0183,2026-04-19,C062,North,P02,S05,12,231.45,180,2777.4
O0184,2026-04-15,C037,Central,P04,S04,4,510.73,410,2042.92
O0185,2026-07-03,C064,Central,P03,S01,5,78.33,45,391.65
O0186,2026-08-29,C053,North,P03,S05,4,78.52,45,314.08
O0187,2026-04-24,C075,South,P02,S04,1,239.34,180,239.34
O0188,2026-06-01,C049,South,P02,S02,4,243.14,180,972.56
O0189,2026-09-13,C044,Central,P05,S04,11,166.13,85,1827.43
O0190,2026-09-09,C046,North,P04,S02,3,530.6,410,1591.8
O0191,2026-09-08,C008,South,P02,S01,9,279.47,180,2515.23
O0192,2026-02-08,C030,North,P01,S02,1,118.89,70,118.89
O0193,2026-01-05,C008,South,P02,S05,9,250.08,180,2250.72
O0194,2026-09-05,C071,Central,P04,S01,1,450.73,410,450.73
O0195,2026-01-09,C037,North,P05,S05,12,144.07,85,1728.84
O0196,2026-08-09,C068,North,P02,S02,2,275.49,180,550.98
O0197,2026-04-09,C046,Central,P05,S04,9,143.33,85,1289.97
O0198,2026-02-10,C032,South,P03,S02,7,80.08,45,560.56
O0199,2026-06-03,C005,North,P01,S04,11,134.18,70,1475.98
O0200,2026-07-14,C002,South,P04,S02,9,502.36,410,4521.24
O0201,2026-02-12,C043,South,P04,S01,7,520.94,410,3646.58
O0202,2026-01-22,C073,Central,P02,S03,4,274.57,180,1098.28
O0203,2026-01-24,C070,South,P01,S01,11,132.44,70,1456.84
O0204,2026-04-02,C076,North,P03,S04,1,88.92,45,88.92
O0205,2026-02-09,C073,Central,P03,S05,3,81.93,45,245.79
O0206,2026-06-19,C011,South,P04,S03,12,465.39,410,5584.68
O0207,2026-01-28,C010,Central,P01,S05,7,114.13,70,798.91
O0208,2026-07-23,C058,Central,P03,S02,1,83.16,45,83.16
O0209,2026-07-02,C075,South,P05,S04,7,149.25,85,1044.75
O0210,2026-02-13,C010,North,P05,S03,5,161.34,85,806.7
O0211,2026-03-20,C020,South,P04,S04,12,536.23,410,6434.76
O0212,2026-06-12,C040,Central,P03,S03,2,73.61,45,147.22
O0213,2026-05-19,C056,Central,P01,S05,3,110.3,70,330.9
O0214,2026-09-20,C046,South,P04,S01,2,452.89,410,905.78
O0215,2026-06-16,C050,North,P04,S05,1,482.1,410,482.1
O0216,2026-05-05,C049,North,P05,S02,9,140.6,85,1265.4
O0217,2026-05-18,C009,North,P03,S04,5,80.68,45,403.4
O0218,2026-05-22,C010,Central,P04,S03,5,503.27,410,2516.35
O0219,2026-05-07,C059,North,P04,S02,10,517.83,410,5178.3
O0220,2026-06-05,C080,Central,P01,S03,7,116.77,70,817.39
O0221,2026-08-14,C077,North,P03,S03,7,86.35,45,604.45
O0222,2026-06-14,C041,North,P05,S04,12,141.63,85,1699.56
O0223,2026-06-13,C063,South,P03,S02,12,84.23,45,1010.76
O0224,2026-06-16,C051,Central,P04,S01,5,539.81,410,2699.05
O0225,2026-04-13,C071,North,P05,S04,9,140.94,85,1268.46
O0226,2026-04-18,C009,Central,P04,S04,5,541.44,410,2707.2
O0227,2026-03-13,C020,South,P03,S04,4,76.45,45,305.8
O0228,2026-07-13,C062,South,P01,S04,8,134.15,70,1073.2
O0229,2026-09-17,C047,South,P04,S05,9,454.04,410,4086.36
O0230,2026-02-13,C046,North,P01,S05,4,125.36,70,501.44
O0231,2026-01-23,C052,Central,P05,S04,11,157.36,85,1730.96
O0232,2026-02-24,C066,South,P01,S05,2,114.83,70,229.66
O0233,2026-04-24,C076,South,P04,S05,6,493.02,410,2958.12
O0234,2026-03-19,C038,Central,P03,S01,1,80.5,45,80.5
O0235,2026-03-01,C059,North,P02,S05,6,242.15,180,1452.9
O0236,2026-09-05,C058,Central,P03,S01,8,73.72,45,589.76
O0237,2026-06-03,C044,South,P01,S01,12,111.04,70,1332.48
O0238,2026-03-26,C021,Central,P02,S05,9,234.59,180,2111.31
O0239,2026-08-07,C024,North,P04,S04,4,537.75,410,2151.0
O0240,2026-07-22,C026,Central,P01,S05,12,124.21,70,1490.52
O0241,2026-08-08,C027,Central,P04,S01,1,527.52,410,527.52
O0242,2026-02-22,C026,Central,P05,S01,3,147.07,85,441.21
O0243,2026-05-15,C041,South,P04,S04,9,556.25,410,5006.25
O0244,2026-07-20,C059,South,P05,S02,2,146.48,85,292.96
O0245,2026-06-02,C018,Central,P05,S01,10,137.8,85,1378.0
O0246,2026-05-03,C019,South,P03,S04,2,75.22,45,150.44
O0247,2026-08-03,C055,North,P05,S04,3,153.97,85,461.91
O0248,2026-03-30,C018,North,P05,S03,3,151.16,85,453.48
O0249,2026-08-19,C002,Central,P05,S02,1,163.56,85,163.56
O0250,2026-04-10,C064,Central,P04,S04,9,505.6,410,4550.4
O0251,2026-08-01,C073,North,P04,S02,8,468.4,410,3747.2
O0252,2026-05-30,C037,North,P01,S04,5,113.94,70,569.7
O0253,2026-09-11,C015,Central,P05,S05,9,138.74,85,1248.66
O0254,2026-07-07,C057,South,P05,S02,1,160.08,85,160.08
O0255,2026-08-06,C032,Central,P01,S01,12,129.91,70,1558.92
O0256,2026-08-19,C012,Central,P03,S01,6,87.17,45,523.02
O0257,2026-05-02,C045,South,P02,S05,12,257.34,180,3088.08
O0258,2026-08-08,C027,North,P02,S01,10,232.66,180,2326.6
O0259,2026-06-29,C022,Central,P05,S03,5,154.7,85,773.5
O0260,2026-05-29,C066,South,P05,S01,5,166.43,85,832.15
O0261,2026-03-11,C017,South,P04,S02,1,559.17,410,559.17
O0262,2026-05-08,C032,South,P02,S04,12,242.72,180,2912.64
O0263,2026-09-08,C054,Central,P02,S04,10,259.78,180,2597.8
O0264,2026-02-08,C036,South,P01,S03,7,121.61,70,851.27
O0265,2026-08-21,C012,South,P04,S04,6,514.02,410,3084.12
O0266,2026-07-03,C055,North,P01,S04,9,118.5,70,1066.5
O0267,2026-05-18,C074,North,P03,S05,5,77.94,45,389.7
O0268,2026-09-06,C006,North,P03,S04,11,85.42,45,939.62
O0269,2026-01-09,C001,Central,P01,S02,3,119.65,70,358.95
O0270,2026-03-09,C036,North,P03,S03,3,87.39,45,262.17
O0271,2026-05-09,C022,North,P01,S04,6,125.54,70,753.24
O0272,2026-06-06,C013,North,P02,S02,7,261.05,180,1827.35
O0273,2026-09-02,C067,South,P01,S04,3,123.67,70,371.01
O0274,2026-01-05,C016,Central,P01,S02,12,117.07,70,1404.84
O0275,2026-09-02,C014,North,P01,S03,4,118.11,70,472.44
O0276,2026-07-08,C018,South,P03,S02,3,78.74,45,236.22
O0277,2026-02-05,C022,Central,P05,S03,10,135.28,85,1352.8
O0278,2026-04-20,C057,North,P02,S01,7,258.88,180,1812.16
O0279,2026-02-21,C050,Central,P02,S04,2,257.43,180,514.86
O0280,2026-06-11,C011,North,P02,S05,4,240.23,180,960.92
O0281,2026-05-26,C027,South,P01,S05,11,131.12,70,1442.32
O0282,2026-09-18,C007,North,P02,S04,12,246.55,180,2958.6
O0283,2026-07-17,C077,North,P01,S05,4,121.19,70,484.76
O0284,2026-01-07,C073,Central,P03,S03,6,74.32,45,445.92
O0285,2026-03-30,C009,North,P04,S03,2,451.84,410,903.68
O0286,2026-04-21,C051,South,P01,S03,1,133.05,70,133.05
O0287,2026-09-14,C011,South,P04,S05,7,527.2,410,3690.4
O0288,2026-03-20,C066,North,P03,S02,2,77.45,45,154.9
O0289,2026-06-17,C009,Central,P04,S04,10,519.77,410,5197.7
O0290,2026-05-03,C056,North,P01,S04,4,110.28,70,441.12
O0291,2026-01-29,C023,North,P03,S01,11,85.05,45,935.55
O0292,2026-03-12,C045,South,P01,S05,3,121.11,70,363.33
O0293,2026-05-13,C035,South,P02,S01,6,231.98,180,1391.88
O0294,2026-01-16,C009,Central,P03,S05,7,76.79,45,537.53
O0295,2026-02-09,C008,Central,P04,S05,8,506.19,410,4049.52
O0296,2026-03-27,C014,South,P03,S01,3,76.49,45,229.47
O0297,2026-04-27,C002,North,P05,S01,1,136.45,85,136.45
O0298,2026-08-30,C023,North,P03,S05,7,88.2,45,617.4
O0299,2026-08-03,C041,Central,P02,S01,6,238.65,180,1431.9
O0300,2026-07-10,C007,North,P01,S02,9,125.78,70,1132.02
O0301,2026-09-22,C060,Central,P01,S03,7,109.82,70,768.74
O0302,2026-06-17,C048,North,P01,S03,9,120.06,70,1080.54
O0303,2026-06-05,C076,Central,P05,S02,4,150.31,85,601.24
O0304,2026-05-06,C004,North,P02,S05,1,276.28,180,276.28
O0305,2026-06-27,C049,South,P01,S03,6,108.04,70,648.24
O0306,2026-02-23,C054,Central,P02,S01,9,279.07,180,2511.63
O0307,2026-03-14,C030,South,P03,S04,2,72.77,45,145.54
O0308,2026-07-10,C013,South,P04,S02,12,459.34,410,5512.08
O0309,2026-07-21,C056,South,P01,S02,10,122.99,70,1229.9
O0310,2026-05-02,C051,South,P03,S03,5,86.98,45,434.9
O0311,2026-06-12,C026,North,P04,S05,5,475.7,410,2378.5
O0312,2026-02-25,C060,Central,P02,S04,2,234.04,180,468.08
O0313,2026-03-03,C027,Central,P05,S03,6,166.83,85,1000.98
O0314,2026-08-26,C039,South,P03,S05,2,73.59,45,147.18
O0315,2026-01-21,C032,Central,P02,S04,6,233.16,180,1398.96
O0316,2026-09-20,C023,North,P01,S04,11,115.89,70,1274.79
O0317,2026-08-20,C013,Central,P05,S01,12,153.15,85,1837.8
O0318,2026-03-13,C029,North,P01,S02,1,109.63,70,109.63
O0319,2026-07-25,C011,South,P03,S05,11,83.09,45,913.99
O0320,2026-05-13,C026,South,P01,S04,1,134.33,70,134.33
O0321,2026-03-07,C060,North,P01,S02,6,111.23,70,667.38
O0322,2026-08-10,C055,North,P04,S03,8,453.24,410,3625.92
O0323,2026-04-20,C020,North,P02,S05,5,240.39,180,1201.95
O0324,2026-05-06,C071,Central,P03,S01,8,79.25,45,634.0
O0325,2026-02-14,C026,South,P03,S05,7,74.42,45,520.94
O0326,2026-05-08,C046,Central,P05,S05,1,167.65,85,167.65
O0327,2026-09-06,C050,Central,P03,S02,10,80.84,45,808.4
O0328,2026-01-14,C036,North,P03,S04,10,75.85,45,758.5
O0329,2026-07-03,C013,North,P05,S02,4,167.14,85,668.56
O0330,2026-05-17,C029,South,P05,S04,12,136.84,85,1642.08
O0331,2026-07-01,C041,South,P02,S03,3,238.01,180,714.03
O0332,2026-01-15,C073,North,P03,S04,10,81.92,45,819.2
O0333,2026-06-08,C008,North,P02,S05,8,227.09,180,1816.72
O0334,2026-04-23,C043,South,P01,S02,9,120.62,70,1085.58
O0335,2026-03-08,C042,North,P03,S01,12,75.12,45,901.44
O0336,2026-03-17,C015,South,P05,S03,12,165.27,85,1983.24
O0337,2026-02-07,C051,South,P03,S01,12,88.58,45,1062.96
O0338,2026-06-22,C021,South,P03,S04,6,74.4,45,446.4
O0339,2026-09-07,C072,South,P03,S05,3,84.45,45,253.35
O0340,2026-07-02,C023,Central,P02,S03,11,257.39,180,2831.29
O0341,2026-05-31,C074,Central,P02,S05,3,265.09,180,795.27
O0342,2026-01-17,C079,North,P02,S05,10,242.5,180,2425.0
O0343,2026-02-23,C010,North,P04,S03,3,486.43,410,1459.29
O0344,2026-06-13,C012,South,P02,S03,11,273.69,180,3010.59
O0345,2026-08-17,C009,Central,P01,S03,5,113.54,70,567.7
O0346,2026-02-25,C054,North,P01,S04,1,118.19,70,118.19
O0347,2026-09-10,C013,Central,P04,S05,6,510.06,410,3060.36
O0348,2026-04-26,C005,Central,P02,S01,8,229.05,180,1832.4
O0349,2026-06-13,C022,Central,P03,S02,2,73.31,45,146.62
O0350,2026-02-08,C079,Central,P05,S01,2,146.15,85,292.3
O0351,2026-08-09,C021,North,P02,S01,10,273.94,180,2739.4
O0352,2026-06-19,C071,South,P02,S05,4,247.51,180,990.04
O0353,2026-05-16,C007,Central,P03,S05,5,76.18,45,380.9
O0354,2026-09-09,C055,North,P02,S03,1,244.85,180,244.85
O0355,2026-09-03,C022,South,P02,S03,2,226.42,180,452.84
O0356,2026-02-11,C051,Central,P04,S04,2,483.92,410,967.84
O0357,2026-05-16,C024,Central,P01,S04,11,122.36,70,1345.96
O0358,2026-07-09,C057,Central,P02,S03,8,227.45,180,1819.6
O0359,2026-04-26,C013,North,P03,S03,10,73.08,45,730.8
O0360,2026-07-31,C050,South,P05,S04,4,153.27,85,613.08
O0361,2026-09-01,C011,Central,P05,S01,4,150.72,85,602.88
O0362,2026-09-15,C080,North,P05,S01,9,161.41,85,1452.69
O0363,2026-08-18,C025,North,P02,S01,3,278.47,180,835.41
O0364,2026-08-05,C019,South,P01,S03,11,119.49,70,1314.39
O0365,2026-06-13,C051,South,P01,S03,2,118.25,70,236.5
O0366,2026-05-22,C002,South,P05,S05,8,165.27,85,1322.16
O0367,2026-09-25,C019,South,P04,S05,2,495.59,410,991.18
O0368,2026-02-21,C037,South,P01,S03,10,128.58,70,1285.8
O0369,2026-07-30,C074,South,P03,S04,7,83.52,45,584.64
O0370,2026-01-20,C080,South,P02,S04,5,247.16,180,1235.8
O0371,2026-01-20,C007,South,P04,S04,6,525.96,410,3155.76
O0372,2026-05-18,C039,Central,P03,S03,1,77.95,45,77.95
O0373,2026-09-09,C057,Central,P01,S03,4,111.55,70,446.2
O0374,2026-08-02,C057,North,P05,S04,11,137.95,85,1517.45
O0375,2026-09-06,C066,North,P05,S01,6,162.09,85,972.54
O0376,2026-06-09,C068,South,P05,S01,7,139.48,85,976.36
O0377,2026-03-30,C032,North,P02,S04,4,271.03,180,1084.12
O0378,2026-01-26,C048,Central,P03,S05,12,75.5,45,906.0
O0379,2026-07-23,C048,Central,P01,S05,11,108.81,70,1196.91
O0380,2026-08-17,C045,Central,P02,S02,8,257.28,180,2058.24
O0381,2026-05-13,C007,North,P01,S05,5,108.72,70,543.6
O0382,2026-04-20,C027,Central,P02,S04,11,237.38,180,2611.18
O0383,2026-09-20,C017,South,P01,S02,11,108.23,70,1190.53
O0384,2026-01-05,C040,South,P02,S03,5,258.46,180,1292.3
O0385,2026-08-05,C028,Central,P04,S03,6,500.49,410,3002.94
O0386,2026-09-24,C001,South,P05,S03,7,154.29,85,1080.03
O0387,2026-05-25,C009,Central,P03,S03,11,73.9,45,812.9
O0388,2026-06-16,C039,North,P03,S02,5,83.55,45,417.75
O0389,2026-09-22,C077,Central,P02,S03,1,269.3,180,269.3
O0390,2026-03-13,C038,Central,P01,S04,11,121.13,70,1332.43
O0391,2026-07-27,C074,North,P04,S03,12,453.89,410,5446.68
O0392,2026-04-24,C046,South,P05,S03,11,160.9,85,1769.9
O0393,2026-03-29,C061,North,P05,S03,3,144.69,85,434.07
O0394,2026-04-04,C046,North,P03,S03,11,73.57,45,809.27
O0395,2026-08-04,C038,Central,P03,S01,6,76.59,45,459.54
O0396,2026-08-29,C080,North,P01,S04,11,123.41,70,1357.51
O0397,2026-04-10,C049,South,P05,S03,2,163.63,85,327.26
O0398,2026-07-31,C026,Central,P01,S04,3,111.63,70,334.89
O0399,2026-08-23,C024,North,P02,S04,6,272.43,180,1634.58
O0400,2026-06-20,C001,Central,P02,S03,6,259.9,180,1559.4
