campaign_id,channel,objective,impressions,clicks,leads,conversions,cost,revenue
CMP001,Facebook,Awareness,13052,541,66,23,6859.41,9238.73
CMP002,Email,LeadGen,94052,1930,659,63,2014.84,20035.73
CMP003,Google,Awareness,30664,977,289,64,6895.74,15706.57
CMP004,Email,Sales,14658,195,37,9,301.31,1022.68
CMP005,TikTok,Awareness,143257,5335,1369,309,2924.58,119077.81
CMP006,Email,Awareness,97024,3602,890,205,5360.19,70702.04
CMP007,Facebook,LeadGen,68129,552,97,27,6459.33,7631.43
CMP008,Facebook,LeadGen,22000,1202,255,87,6017.33,20132.49
CMP009,Google,LeadGen,59163,844,261,38,6649.07,5719.54
CMP010,Facebook,LeadGen,118650,1236,310,91,1248.79,37305.37
CMP011,Google,Sales,140764,1157,322,82,3632.64,24312.56
CMP012,Google,LeadGen,161664,2753,826,93,5362.92,28297.99
CMP013,Email,LeadGen,119750,7057,2309,748,2406.69,326524.15
CMP014,Email,Sales,44962,682,165,60,4244.67,23516.25
CMP015,TikTok,Sales,155118,6343,851,238,2537.46,49446.55
CMP016,Google,LeadGen,56612,1936,517,94,1188.62,19770.83
CMP017,Email,Awareness,149959,3429,1058,358,4325.02,31987.55
CMP018,Facebook,Awareness,24838,456,128,16,2506.94,2763.32
CMP019,TikTok,Sales,63477,2995,265,90,1089.1,36105.58
CMP020,Google,Sales,179638,6680,962,318,6450.93,59283.56
CMP021,Facebook,Awareness,110029,3097,1047,410,2707.44,116557.3
CMP022,TikTok,Sales,63238,2546,740,265,6690.87,110571.24
CMP023,TikTok,Awareness,164241,5982,1453,477,7725.03,90079.43
CMP024,Facebook,LeadGen,59014,3425,953,112,612.88,20526.41
CMP025,Google,Awareness,52186,2002,298,55,5764.61,7550.3
CMP026,TikTok,Sales,166468,1771,587,162,5396.55,42363.62
CMP027,TikTok,Sales,29105,1419,235,35,1715.79,3682.89
CMP028,Google,LeadGen,119033,4313,814,156,7102.15,50767.67
CMP029,TikTok,Sales,86958,1683,476,118,7974.06,45402.24
CMP030,Facebook,Awareness,40073,1714,343,126,5025.5,39037.16
CMP031,TikTok,Sales,109974,6117,2050,417,4459.83,76997.69
CMP032,TikTok,Sales,144823,7204,1442,135,7216.77,20415.99
CMP033,Facebook,Sales,35154,587,198,49,356.45,5107.0
CMP034,Google,LeadGen,121203,6236,845,291,7065.51,103103.85
CMP035,Facebook,LeadGen,50305,464,126,11,864.01,1604.43
CMP036,Facebook,LeadGen,160722,8152,2657,559,3773.67,128371.98
CMP037,Facebook,Sales,112105,4821,1081,308,5061.29,110789.27
CMP038,Facebook,LeadGen,29028,772,166,28,5581.27,8524.02
CMP039,Email,LeadGen,109985,3139,811,187,4407.7,24396.23
CMP040,TikTok,LeadGen,176211,2729,717,267,6421.63,93409.97
CMP041,Facebook,Sales,155103,8296,980,91,4709.93,20548.73
CMP042,Facebook,Sales,89872,1700,476,148,1930.37,61432.19
CMP043,Google,Sales,52193,916,225,36,1182.59,11817.43
CMP044,Facebook,Sales,153878,4921,1124,194,818.69,22568.97
CMP045,Email,Awareness,96730,2570,671,104,2495.56,11006.25
CMP046,TikTok,LeadGen,137365,4317,1063,189,4798.11,54669.05
CMP047,TikTok,LeadGen,122278,2050,337,111,5783.93,35199.24
CMP048,TikTok,LeadGen,45207,1959,332,77,3729.26,28233.11
CMP049,Facebook,Awareness,56077,2331,238,40,6663.62,16391.2
CMP050,TikTok,Sales,174264,2086,209,17,4205.27,1556.21
CMP051,Email,Sales,164674,3139,282,46,7183.69,12865.3
CMP052,Google,Sales,105897,3008,964,259,6900.16,33549.84
CMP053,Facebook,Sales,114014,3069,254,39,7722.8,17288.14
CMP054,Google,Awareness,144777,2214,272,71,4656.76,28592.57
CMP055,Email,Sales,104056,1051,300,46,2335.55,7663.0
CMP056,Google,Sales,145760,8046,1428,328,3800.75,31875.65
CMP057,TikTok,Sales,37059,1652,364,125,6728.52,22178.37
CMP058,Google,LeadGen,108739,4566,815,235,6733.11,63723.84
CMP059,Google,Awareness,145363,4230,1271,242,6403.46,98797.38
CMP060,Google,LeadGen,125316,2081,209,59,1928.68,8800.15
CMP061,Facebook,Sales,70383,2080,351,40,5499.27,10289.51
CMP062,Google,Sales,179675,9223,793,74,4715.85,10331.72
CMP063,Facebook,Sales,160016,2502,312,117,4278.13,26912.2
CMP064,Facebook,Awareness,84305,4827,668,183,3929.88,47253.77
CMP065,Email,Awareness,167506,2583,612,199,5098.73,53530.57
CMP066,TikTok,Sales,128874,5028,495,99,1318.04,8526.69
CMP067,Email,Sales,49206,1942,248,91,4918.57,36833.93
CMP068,Facebook,Sales,34429,1138,131,35,6671.92,14415.75
CMP069,Email,LeadGen,146850,4387,1387,420,3602.96,179430.72
CMP070,Email,Awareness,101886,3935,1102,356,5664.65,41351.27
CMP071,TikTok,LeadGen,135079,6460,2104,224,4906.85,62984.43
CMP072,Google,Sales,11433,513,150,39,1207.28,3223.81
CMP073,Google,Sales,92811,2715,295,63,4807.35,11130.97
CMP074,Email,Sales,158024,4268,658,195,6113.28,45414.41
CMP075,Email,Sales,56850,1549,356,57,2661.23,11822.47
CMP076,Email,Awareness,46193,2423,625,199,3738.78,67410.3
CMP077,Facebook,Awareness,66218,2280,666,223,5028.0,74323.41
CMP078,Google,LeadGen,112001,6513,530,57,1419.03,24086.43
CMP079,Facebook,LeadGen,26798,581,104,28,5878.61,11881.9
CMP080,TikTok,Sales,166623,1830,528,71,4106.64,5961.36
