invoice_id,customer_id,invoice_date,due_date,amount,outstanding
INV0001,C014,2026-08-17,2026-09-16,9011.17,9011.17
INV0002,C010,2026-06-25,2026-07-25,24795.93,24795.93
INV0003,C015,2026-07-06,2026-08-05,26092.56,0
INV0004,C018,2026-05-06,2026-06-05,11008.59,0
INV0005,C011,2026-05-04,2026-06-03,14204.99,0
INV0006,C008,2026-08-03,2026-09-02,17582.13,17582.13
INV0007,C016,2026-06-07,2026-07-07,10227.11,10227.11
INV0008,C005,2026-06-15,2026-07-15,29664.01,0
INV0009,C019,2026-05-17,2026-06-16,4661.14,4661.14
INV0010,C015,2026-06-28,2026-07-28,26351.52,26351.52
INV0011,C005,2026-08-26,2026-09-25,1445.08,0
INV0012,C009,2026-06-08,2026-07-08,3170.02,3170.02
INV0013,C011,2026-06-26,2026-07-26,19845.26,0
INV0014,C016,2026-05-07,2026-06-06,28670.05,0
INV0015,C008,2026-05-05,2026-06-04,18906.32,18906.32
INV0016,C014,2026-07-09,2026-08-08,22656.22,22656.22
INV0017,C010,2026-08-26,2026-09-25,13866.68,13866.68
INV0018,C002,2026-09-13,2026-10-13,10406.87,10406.87
INV0019,C005,2026-07-07,2026-08-06,11870.39,11870.39
INV0020,C006,2026-07-20,2026-08-19,17411.91,0
INV0021,C013,2026-08-08,2026-09-07,3290.08,3290.08
INV0022,C005,2026-07-21,2026-08-20,27472.04,0
INV0023,C015,2026-07-23,2026-08-22,19499.23,0
INV0024,C015,2026-07-17,2026-08-16,27068.35,27068.35
INV0025,C012,2026-07-09,2026-08-08,3142.0,3142.0
INV0026,C015,2026-07-06,2026-08-05,21019.09,0
INV0027,C016,2026-07-05,2026-08-04,29981.83,29981.83
INV0028,C012,2026-08-24,2026-09-23,12059.56,12059.56
INV0029,C010,2026-04-26,2026-05-26,29788.07,29788.07
INV0030,C019,2026-09-15,2026-10-15,8959.93,0
INV0031,C010,2026-09-08,2026-10-08,25152.33,0
INV0032,C007,2026-07-24,2026-08-23,7351.13,7351.13
INV0033,C002,2026-07-18,2026-08-17,19219.2,19219.2
INV0034,C012,2026-07-03,2026-08-02,1967.57,0
INV0035,C011,2026-08-18,2026-09-17,27379.21,27379.21
INV0036,C018,2026-06-06,2026-07-06,6823.05,6823.05
INV0037,C009,2026-06-19,2026-07-19,25083.71,25083.71
INV0038,C011,2026-05-20,2026-06-19,22650.22,22650.22
INV0039,C005,2026-08-22,2026-09-21,28923.91,0
INV0040,C018,2026-07-25,2026-08-24,29050.82,0
INV0041,C001,2026-06-19,2026-07-19,23929.78,23929.78
INV0042,C009,2026-07-15,2026-08-14,14188.79,14188.79
INV0043,C012,2026-04-24,2026-05-24,24850.1,0
INV0044,C020,2026-08-24,2026-09-23,14672.83,14672.83
INV0045,C008,2026-04-30,2026-05-30,27542.42,27542.42
INV0046,C010,2026-09-04,2026-10-04,27372.24,0
INV0047,C002,2026-06-08,2026-07-08,5053.53,5053.53
INV0048,C008,2026-07-05,2026-08-04,4367.49,0
INV0049,C012,2026-05-06,2026-06-05,12270.73,12270.73
INV0050,C005,2026-05-05,2026-06-04,18032.87,0
INV0051,C020,2026-06-06,2026-07-06,25177.1,25177.1
INV0052,C012,2026-06-08,2026-07-08,1948.77,1948.77
INV0053,C008,2026-07-27,2026-08-26,13896.18,0
INV0054,C012,2026-06-20,2026-07-20,29446.9,29446.9
INV0055,C009,2026-05-04,2026-06-03,2755.95,2755.95
INV0056,C015,2026-08-03,2026-09-02,28521.31,28521.31
INV0057,C020,2026-08-28,2026-09-27,19609.43,19609.43
INV0058,C008,2026-09-15,2026-10-15,23817.04,23817.04
INV0059,C018,2026-08-19,2026-09-18,2989.69,2989.69
INV0060,C008,2026-07-29,2026-08-28,24578.54,24578.54
