transaction_id,date,department,type,amount,payment_method
TX0001,2026-02-27,Sales,Revenue,4050.93,Bank
TX0002,2026-02-22,Sales,Expense,6617.87,Bank
TX0003,2026-02-17,Operations,Revenue,7827.65,Bank
TX0004,2026-04-12,IT,Revenue,7013.53,Cash
TX0005,2026-01-04,Operations,Expense,5433.63,Bank
TX0006,2026-04-21,HR,Revenue,1844.81,Bank
TX0007,2026-07-03,HR,Expense,4335.55,Bank
TX0008,2026-08-24,Sales,Expense,1642.6,Cash
TX0009,2026-07-05,Operations,Revenue,1164.45,Bank
TX0010,2026-05-29,Sales,Revenue,13064.01,Cash
TX0011,2026-05-23,IT,Expense,2858.48,Cash
TX0012,2026-04-18,HR,Revenue,9332.4,Bank
TX0013,2026-05-06,Operations,Expense,6002.1,Card
TX0014,2026-04-23,HR,Revenue,3821.2,Bank
TX0015,2026-06-11,IT,Revenue,1459.73,Card
TX0016,2026-06-11,Operations,Expense,6236.66,Card
TX0017,2026-08-23,Operations,Revenue,2524.64,Card
TX0018,2026-05-15,IT,Expense,6291.31,Bank
TX0019,2026-03-12,IT,Revenue,11458.84,Bank
TX0020,2026-03-20,Operations,Expense,9147.93,Cash
TX0021,2026-07-15,IT,Expense,4145.5,Card
TX0022,2026-01-06,Sales,Expense,11387.73,Card
TX0023,2026-06-24,Sales,Revenue,6804.1,Cash
TX0024,2026-01-02,HR,Expense,11548.45,Card
TX0025,2026-02-24,HR,Expense,9330.07,Bank
TX0026,2026-07-11,Operations,Expense,14325.75,Card
TX0027,2026-01-01,HR,Expense,782.41,Cash
TX0028,2026-06-07,Operations,Revenue,3992.64,Card
TX0029,2026-02-10,Sales,Expense,12332.34,Card
TX0030,2026-03-06,Operations,Expense,14229.31,Bank
TX0031,2026-05-16,IT,Revenue,13969.25,Card
TX0032,2026-04-13,HR,Expense,14929.67,Card
TX0033,2026-07-11,IT,Expense,7046.55,Bank
TX0034,2026-04-26,Sales,Expense,805.0,Card
TX0035,2026-04-28,Operations,Revenue,1529.4,Card
TX0036,2026-01-31,Operations,Revenue,13628.59,Cash
TX0037,2026-02-06,Operations,Revenue,81601.44,Bank
TX0038,2026-03-09,IT,Revenue,11876.98,Cash
TX0039,2026-04-08,Sales,Revenue,10055.25,Cash
TX0040,2026-08-05,IT,Expense,13025.63,Bank
TX0041,2026-02-20,Sales,Expense,11059.1,Bank
TX0042,2026-05-08,Operations,Revenue,8276.14,Bank
TX0043,2026-08-05,Operations,Revenue,7208.11,Bank
TX0044,2026-08-15,Sales,Revenue,9956.1,Card
TX0045,2026-01-08,Sales,Revenue,2911.51,Cash
TX0046,2026-09-04,Operations,Expense,13585.42,Bank
TX0047,2026-07-14,Sales,Expense,4345.44,Cash
TX0048,2026-05-27,IT,Expense,10097.13,Cash
TX0049,2026-03-21,Operations,Revenue,3656.66,Bank
TX0050,2026-02-01,HR,Revenue,1227.06,Cash
TX0051,2026-09-15,Operations,Revenue,14431.29,Bank
TX0052,2026-04-06,Sales,Expense,1485.43,Bank
TX0053,2026-07-26,Sales,Expense,4070.12,Card
TX0054,2026-01-21,Sales,Expense,10031.91,Card
TX0055,2026-09-25,HR,Revenue,3461.76,Card
TX0056,2026-06-10,Operations,Revenue,6238.89,Card
TX0057,2026-06-03,IT,Expense,13970.77,Bank
TX0058,2026-01-05,IT,Expense,14977.59,Bank
TX0059,2026-02-07,Operations,Expense,4345.41,Cash
TX0060,2026-02-05,Operations,Expense,4632.32,Cash
TX0061,2026-06-04,Sales,Expense,4840.99,Card
TX0062,2026-02-23,Operations,Revenue,2173.72,Bank
TX0063,2026-03-21,HR,Revenue,9270.03,Card
TX0064,2026-06-25,Operations,Revenue,7828.43,Cash
TX0065,2026-01-27,Sales,Expense,12525.55,Bank
TX0066,2026-01-02,HR,Revenue,9738.14,Cash
TX0067,2026-03-24,IT,Expense,10732.18,Card
TX0068,2026-01-05,Sales,Revenue,14203.24,Card
TX0069,2026-03-18,Sales,Expense,8946.39,Bank
TX0070,2026-08-09,Operations,Revenue,4969.75,Bank
TX0071,2026-07-03,Operations,Revenue,10170.53,Cash
TX0072,2026-07-28,Operations,Revenue,13036.78,Bank
TX0073,2026-07-31,Sales,Revenue,11180.18,Cash
TX0074,2026-07-30,Operations,Revenue,2808.37,Card
TX0075,2026-02-25,IT,Revenue,12949.6,Bank
TX0076,2026-04-13,IT,Expense,4925.27,Bank
TX0077,2026-04-25,Sales,Revenue,6277.76,Cash
TX0078,2026-02-05,HR,Expense,9801.49,Cash
TX0079,2026-06-19,Sales,Revenue,13217.06,Cash
TX0080,2026-04-02,HR,Revenue,2071.84,Cash
TX0081,2026-06-26,HR,Expense,9290.03,Card
TX0082,2026-03-01,IT,Expense,3256.14,Bank
TX0083,2026-08-12,Sales,Expense,13920.84,Card
TX0084,2026-04-11,HR,Expense,1514.62,Card
TX0085,2026-06-19,HR,Revenue,10936.44,Cash
TX0086,2026-09-17,HR,Expense,5229.65,Card
TX0087,2026-06-01,Operations,Revenue,6596.47,Cash
TX0088,2026-03-31,HR,Expense,8445.09,Bank
TX0089,2026-06-05,HR,Revenue,6733.38,Card
TX0090,2026-06-14,IT,Expense,6911.32,Bank
TX0091,2026-09-19,IT,Revenue,10053.34,Cash
TX0092,2026-09-21,HR,Revenue,12367.14,Bank
TX0093,2026-06-08,Operations,Revenue,2636.63,Bank
TX0094,2026-05-06,IT,Expense,12821.2,Bank
TX0095,2026-08-22,IT,Expense,3319.31,Card
TX0096,2026-07-16,IT,Expense,4037.77,Card
TX0097,2026-01-03,Sales,Expense,3673.2,Card
TX0098,2026-09-23,IT,Revenue,8582.38,Bank
TX0099,2026-08-22,Operations,Expense,10179.88,Card
TX0100,2026-06-12,IT,Expense,12317.59,Card
TX0101,2026-08-07,IT,Revenue,11283.0,Cash
TX0102,2026-08-19,HR,Revenue,12678.01,Cash
TX0103,2026-09-24,IT,Revenue,4481.66,Bank
TX0104,2026-05-27,Operations,Revenue,5369.79,Card
TX0105,2026-02-11,Operations,Revenue,3853.29,Card
TX0106,2026-03-20,Operations,Revenue,6515.58,Cash
TX0107,2026-08-27,IT,Revenue,3499.1,Cash
TX0108,2026-07-19,Sales,Expense,6015.52,Bank
TX0109,2026-06-30,HR,Expense,12875.0,Cash
TX0110,2026-04-23,IT,Revenue,4457.56,Cash
TX0111,2026-01-15,IT,Expense,10198.67,Cash
TX0112,2026-03-26,IT,Revenue,14720.47,Card
TX0113,2026-01-14,IT,Expense,8683.68,Bank
TX0114,2026-02-12,IT,Revenue,13069.34,Bank
TX0115,2026-01-26,HR,Expense,5246.61,Cash
TX0116,2026-06-17,HR,Expense,4534.72,Cash
TX0117,2026-05-10,Sales,Expense,781.06,Card
TX0118,2026-01-27,HR,Revenue,9927.09,Card
TX0119,2026-01-21,Sales,Revenue,3390.73,Bank
TX0120,2026-03-20,Operations,Revenue,7366.64,Bank
TX0121,2026-04-22,IT,Revenue,92960.16,Bank
TX0122,2026-02-28,Operations,Revenue,2067.43,Bank
TX0123,2026-06-09,IT,Expense,14151.32,Bank
TX0124,2026-02-08,Operations,Revenue,10609.3,Cash
TX0125,2026-03-03,Sales,Expense,8224.81,Card
TX0126,2026-07-09,Sales,Expense,9889.38,Bank
TX0127,2026-08-04,IT,Revenue,6786.09,Cash
TX0128,2026-08-24,Operations,Expense,3053.99,Card
TX0129,2026-05-19,IT,Expense,6815.83,Card
TX0130,2026-05-18,HR,Revenue,12545.6,Bank
TX0131,2026-05-23,IT,Revenue,11381.91,Card
TX0132,2026-07-14,HR,Revenue,7667.44,Cash
TX0133,2026-04-04,IT,Revenue,5644.96,Cash
TX0134,2026-06-24,HR,Expense,10667.16,Cash
TX0135,2026-01-06,Operations,Revenue,3999.66,Cash
TX0136,2026-09-08,Operations,Expense,9865.59,Cash
TX0137,2026-08-18,Sales,Revenue,4766.42,Cash
TX0138,2026-05-05,HR,Expense,5850.8,Card
TX0139,2026-06-26,IT,Expense,5296.47,Card
TX0140,2026-08-21,HR,Revenue,4145.35,Bank
TX0141,2026-04-09,HR,Revenue,11271.78,Card
TX0142,2026-04-05,Operations,Revenue,11209.77,Cash
TX0143,2026-09-26,HR,Revenue,12573.11,Cash
TX0144,2026-04-27,HR,Revenue,4882.88,Card
TX0145,2026-03-06,HR,Revenue,14627.28,Card
TX0146,2026-05-30,Operations,Expense,1987.52,Bank
TX0147,2026-05-26,IT,Expense,6886.8,Bank
TX0148,2026-01-27,HR,Expense,2154.26,Bank
TX0149,2026-07-25,IT,Revenue,8866.81,Card
TX0150,2026-01-28,Operations,Revenue,12261.56,Cash
TX0151,2026-02-13,Operations,Revenue,8592.06,Cash
TX0152,2026-04-26,IT,Expense,13673.31,Cash
TX0153,2026-08-08,HR,Expense,9504.9,Card
TX0154,2026-02-20,Operations,Revenue,4337.37,Bank
TX0155,2026-03-22,Operations,Revenue,8503.89,Bank
TX0156,2026-01-02,IT,Expense,10495.88,Cash
TX0157,2026-05-30,Sales,Revenue,4677.52,Cash
TX0158,2026-08-21,Sales,Revenue,13896.71,Card
TX0159,2026-04-12,IT,Revenue,8396.15,Card
TX0160,2026-03-18,HR,Revenue,1535.44,Bank
TX0161,2026-06-07,HR,Expense,2303.13,Card
TX0162,2026-06-05,IT,Revenue,7756.85,Cash
TX0163,2026-08-13,Sales,Expense,1077.98,Cash
TX0164,2026-06-15,HR,Revenue,1824.24,Card
TX0165,2026-01-11,HR,Expense,1083.36,Bank
TX0166,2026-08-29,IT,Revenue,3131.59,Card
TX0167,2026-08-12,IT,Revenue,7315.15,Cash
TX0168,2026-06-20,HR,Revenue,12937.13,Cash
TX0169,2026-07-30,IT,Revenue,10107.46,Cash
TX0170,2026-01-19,IT,Revenue,5060.5,Cash
TX0171,2026-03-01,IT,Expense,12461.44,Bank
TX0172,2026-08-25,IT,Revenue,3219.95,Cash
TX0173,2026-09-13,IT,Revenue,3451.59,Card
TX0174,2026-03-09,HR,Expense,13272.28,Cash
TX0175,2026-03-04,Sales,Expense,12090.05,Card
TX0176,2026-03-23,HR,Expense,698.28,Cash
TX0177,2026-02-17,Operations,Revenue,7190.99,Bank
TX0178,2026-03-20,IT,Revenue,7878.64,Cash
TX0179,2026-08-01,IT,Expense,4034.1,Card
TX0180,2026-03-16,IT,Revenue,13867.09,Card
